"URI","Label","Definition","Notation","Status","AcceptedDate"
"http://dd.eionet.europa.eu/vocabulary/eurostat/indic_ur/DE1001V","Population on the 1st of January, total","","DE1001V","valid","2013-09-04"
"http://dd.eionet.europa.eu/vocabulary/eurostat/indic_ur/DE1002V","Population on the 1st of January, male","","DE1002V","valid","2013-09-04"
"http://dd.eionet.europa.eu/vocabulary/eurostat/indic_ur/DE1003V","Population on the 1st of January, female","","DE1003V","valid","2013-09-04"
"http://dd.eionet.europa.eu/vocabulary/eurostat/indic_ur/DE1040V","Population on the 1st of January, 0-4 years, total","","DE1040V","valid","2013-09-04"
"http://dd.eionet.europa.eu/vocabulary/eurostat/indic_ur/DE1041V","Population on the 1st of January, 0-4 years, male","","DE1041V","valid","2013-09-04"
"http://dd.eionet.europa.eu/vocabulary/eurostat/indic_ur/DE1042V","Population on the 1st of January, 0-4 years, female","","DE1042V","valid","2013-09-04"
"http://dd.eionet.europa.eu/vocabulary/eurostat/indic_ur/DE1046V","Population on the 1st of January, 15-19 years, total","","DE1046V","valid","2013-09-04"
"http://dd.eionet.europa.eu/vocabulary/eurostat/indic_ur/DE1047V","Population on the 1st of January, 15-19 years, male","","DE1047V","valid","2013-09-04"
"http://dd.eionet.europa.eu/vocabulary/eurostat/indic_ur/DE1048V","Population on the 1st of January, 15-19 years, female","","DE1048V","valid","2013-09-04"
"http://dd.eionet.europa.eu/vocabulary/eurostat/indic_ur/DE1049V","Population on the 1st of January, 20-24 years, total","","DE1049V","valid","2013-09-04"
"http://dd.eionet.europa.eu/vocabulary/eurostat/indic_ur/DE1050V","Population on the 1st of January, 20-24 years, male","","DE1050V","valid","2013-09-04"
"http://dd.eionet.europa.eu/vocabulary/eurostat/indic_ur/DE1051V","Population on the 1st of January, 20-24 years, female","","DE1051V","valid","2013-09-04"
"http://dd.eionet.europa.eu/vocabulary/eurostat/indic_ur/DE1058V","Population on the 1st of January, 25-34 years, total","","DE1058V","valid","2013-09-04"
"http://dd.eionet.europa.eu/vocabulary/eurostat/indic_ur/DE1059V","Population on the 1st of January, 25-34 years, male","","DE1059V","valid","2013-09-04"
"http://dd.eionet.europa.eu/vocabulary/eurostat/indic_ur/DE1060V","Population on the 1st of January, 25-34 years, female","","DE1060V","valid","2013-09-04"
"http://dd.eionet.europa.eu/vocabulary/eurostat/indic_ur/DE1061V","Population on the 1st of January, 35-44 years, total","","DE1061V","valid","2013-09-04"
"http://dd.eionet.europa.eu/vocabulary/eurostat/indic_ur/DE1062V","Population on the 1st of January, 35-44 years, male","","DE1062V","valid","2013-09-04"
"http://dd.eionet.europa.eu/vocabulary/eurostat/indic_ur/DE1063V","Population on the 1st of January, 35-44 years, female","","DE1063V","valid","2013-09-04"
"http://dd.eionet.europa.eu/vocabulary/eurostat/indic_ur/DE1064V","Population on the 1st of January, 45-54 years, total","","DE1064V","valid","2013-09-04"
"http://dd.eionet.europa.eu/vocabulary/eurostat/indic_ur/DE1065V","Population on the 1st of January, 45-54 years, male","","DE1065V","valid","2013-09-04"
"http://dd.eionet.europa.eu/vocabulary/eurostat/indic_ur/DE1066V","Population on the 1st of January, 45-54 years, female","","DE1066V","valid","2013-09-04"
"http://dd.eionet.europa.eu/vocabulary/eurostat/indic_ur/DE1073V","Median population age","","DE1073V","valid","2013-09-04"
"http://dd.eionet.europa.eu/vocabulary/eurostat/indic_ur/DE1025V","Population on the 1st of January, 55-64 years, total","","DE1025V","valid","2013-09-04"
"http://dd.eionet.europa.eu/vocabulary/eurostat/indic_ur/DE1026V","Population on the 1st of January, 55-64 years, male","","DE1026V","valid","2013-09-04"
"http://dd.eionet.europa.eu/vocabulary/eurostat/indic_ur/DE1027V","Population on the 1st of January, 55-64 years, female","","DE1027V","valid","2013-09-04"
"http://dd.eionet.europa.eu/vocabulary/eurostat/indic_ur/DE1028V","Population on the 1st of January, 65-74 years, total","","DE1028V","valid","2013-09-04"
"http://dd.eionet.europa.eu/vocabulary/eurostat/indic_ur/DE1029V","Population on the 1st of January, 65-74 years, male","","DE1029V","valid","2013-09-04"
"http://dd.eionet.europa.eu/vocabulary/eurostat/indic_ur/DE1030V","Population on the 1st of January, 65-74 years, female","","DE1030V","valid","2013-09-04"
"http://dd.eionet.europa.eu/vocabulary/eurostat/indic_ur/DE1055V","Population on the 1st of January, 75 years and over, total","","DE1055V","valid","2013-09-04"
"http://dd.eionet.europa.eu/vocabulary/eurostat/indic_ur/DE1056V","Population on the 1st of January, 75 years and over, male","","DE1056V","valid","2013-09-04"
"http://dd.eionet.europa.eu/vocabulary/eurostat/indic_ur/DE1057V","Population on the 1st of January, 75 years and over, female","","DE1057V","valid","2013-09-04"
"http://dd.eionet.europa.eu/vocabulary/eurostat/indic_ur/DE2001V","Nationals","","DE2001V","valid","2013-09-04"
"http://dd.eionet.europa.eu/vocabulary/eurostat/indic_ur/DE2002V","EU foreigners","","DE2002V","valid","2013-09-04"
"http://dd.eionet.europa.eu/vocabulary/eurostat/indic_ur/DE2003V","Non-EU foreigners","","DE2003V","valid","2013-09-04"
"http://dd.eionet.europa.eu/vocabulary/eurostat/indic_ur/DE3001V","Private households (excluding institutional households)","","DE3001V","valid","2013-09-04"
"http://dd.eionet.europa.eu/vocabulary/eurostat/indic_ur/DE3017V","Population living in private households (excluding institutional households)","","DE3017V","valid","2013-09-04"
"http://dd.eionet.europa.eu/vocabulary/eurostat/indic_ur/DE3002V","One person households","","DE3002V","valid","2013-09-04"
"http://dd.eionet.europa.eu/vocabulary/eurostat/indic_ur/DE3005V","Lone parent private households (with children aged 0 to under 18)","","DE3005V","valid","2013-09-04"
"http://dd.eionet.europa.eu/vocabulary/eurostat/indic_ur/DE3008V","Lone pensioner (above retirement age) households","","DE3008V","valid","2013-09-04"
"http://dd.eionet.europa.eu/vocabulary/eurostat/indic_ur/DE3011V","Households with children aged 0 to under 18","","DE3011V","valid","2013-09-04"
"http://dd.eionet.europa.eu/vocabulary/eurostat/indic_ur/SA1001V","Number of conventional dwellings","","SA1001V","valid","2013-09-04"
"http://dd.eionet.europa.eu/vocabulary/eurostat/indic_ur/SA1004V","Number of houses","","SA1004V","valid","2013-09-04"
"http://dd.eionet.europa.eu/vocabulary/eurostat/indic_ur/SA1005V","Number of apartments","","SA1005V","valid","2013-09-04"
"http://dd.eionet.europa.eu/vocabulary/eurostat/indic_ur/SA1007V","Number of households living in houses","","SA1007V","valid","2013-09-04"
"http://dd.eionet.europa.eu/vocabulary/eurostat/indic_ur/SA1008V","Number of households living in apartments","","SA1008V","valid","2013-09-04"
"http://dd.eionet.europa.eu/vocabulary/eurostat/indic_ur/SA1011V","Households owning their own dwelling","","SA1011V","valid","2013-09-04"
"http://dd.eionet.europa.eu/vocabulary/eurostat/indic_ur/SA1012V","Households in social housing","","SA1012V","valid","2013-09-04"
"http://dd.eionet.europa.eu/vocabulary/eurostat/indic_ur/SA1013V","Households in private rented housing","","SA1013V","valid","2013-09-04"
"http://dd.eionet.europa.eu/vocabulary/eurostat/indic_ur/SA1029V","Number of people in accommodation for the homeless","","SA1029V","valid","2013-09-04"
"http://dd.eionet.europa.eu/vocabulary/eurostat/indic_ur/SA1049V","Average annual rent for housing per mÂ² - EUR","","SA1049V","valid","2013-09-04"
"http://dd.eionet.europa.eu/vocabulary/eurostat/indic_ur/SA1018V","Dwellings lacking basic amenities","","SA1018V","valid","2013-09-04"
"http://dd.eionet.europa.eu/vocabulary/eurostat/indic_ur/SA1025V","Empty conventional dwellings","","SA1025V","valid","2013-09-04"
"http://dd.eionet.europa.eu/vocabulary/eurostat/indic_ur/SA1022V","Average area of living accommodation - mÂ²/person","","SA1022V","valid","2013-09-04"
"http://dd.eionet.europa.eu/vocabulary/eurostat/indic_ur/SA2004V","Infant Mortality per year","","SA2004V","valid","2013-09-04"
"http://dd.eionet.europa.eu/vocabulary/eurostat/indic_ur/SA2007V","Number of live births per year","","SA2007V","valid","2013-09-04"
"http://dd.eionet.europa.eu/vocabulary/eurostat/indic_ur/SA2013V","Number of deaths per year under 65 due to diseases of the circulatory or respiratory systems","","SA2013V","valid","2013-09-04"
"http://dd.eionet.europa.eu/vocabulary/eurostat/indic_ur/SA2016V","Total deaths under 65 per year","","SA2016V","valid","2013-09-04"
"http://dd.eionet.europa.eu/vocabulary/eurostat/indic_ur/SA2017V","Total deaths under 65 per year, male","","SA2017V","valid","2013-09-04"
"http://dd.eionet.europa.eu/vocabulary/eurostat/indic_ur/SA2018V","Total deaths under 65 per year, female","","SA2018V","valid","2013-09-04"
"http://dd.eionet.europa.eu/vocabulary/eurostat/indic_ur/SA2019V","Total deaths per year","","SA2019V","valid","2013-09-04"
"http://dd.eionet.europa.eu/vocabulary/eurostat/indic_ur/SA2020V","Total deaths per year, male","","SA2020V","valid","2013-09-04"
"http://dd.eionet.europa.eu/vocabulary/eurostat/indic_ur/SA2021V","Total deaths per year, female","","SA2021V","valid","2013-09-04"
"http://dd.eionet.europa.eu/vocabulary/eurostat/indic_ur/SA3005V","Number of murders and violent deaths","","SA3005V","valid","2013-09-04"
"http://dd.eionet.europa.eu/vocabulary/eurostat/indic_ur/EC1001V","Economically active population, total","","EC1001V","valid","2013-09-04"
"http://dd.eionet.europa.eu/vocabulary/eurostat/indic_ur/EC1002V","Economically active population, male","","EC1002V","valid","2013-09-04"
"http://dd.eionet.europa.eu/vocabulary/eurostat/indic_ur/EC1003V","Economically active population, female","","EC1003V","valid","2013-09-04"
"http://dd.eionet.europa.eu/vocabulary/eurostat/indic_ur/EC1145V","Economically active population 55-64, total","","EC1145V","valid","2013-09-04"
"http://dd.eionet.europa.eu/vocabulary/eurostat/indic_ur/EC1146V","Economically active population 55-64, male","","EC1146V","valid","2013-09-04"
"http://dd.eionet.europa.eu/vocabulary/eurostat/indic_ur/EC1147V","Economically active population 55-64, female","","EC1147V","valid","2013-09-04"
"http://dd.eionet.europa.eu/vocabulary/eurostat/indic_ur/EC1010V","Persons unemployed, total","","EC1010V","valid","2013-09-04"
"http://dd.eionet.europa.eu/vocabulary/eurostat/indic_ur/EC1011V","Persons unemployed, male","","EC1011V","valid","2013-09-04"
"http://dd.eionet.europa.eu/vocabulary/eurostat/indic_ur/EC1012V","Persons unemployed, female","","EC1012V","valid","2013-09-04"
"http://dd.eionet.europa.eu/vocabulary/eurostat/indic_ur/EC2021V","All companies","","EC2021V","valid","2013-09-04"
"http://dd.eionet.europa.eu/vocabulary/eurostat/indic_ur/EC2020V","Total employment/jobs (work place based)","","EC2020V","valid","2013-09-04"
"http://dd.eionet.europa.eu/vocabulary/eurostat/indic_ur/EC2008V","Employment (jobs) in agriculture, fishery (NACE Rev. 2, A)","","EC2008V","valid","2013-09-04"
"http://dd.eionet.europa.eu/vocabulary/eurostat/indic_ur/EC2009V","Employment (jobs) in mining, manufacturing, energy (NACE Rev. 2, B-E)","","EC2009V","valid","2013-09-04"
"http://dd.eionet.europa.eu/vocabulary/eurostat/indic_ur/EC2022V","Employment (jobs) in construction (NACE Rev. 2, F)","","EC2022V","valid","2013-09-04"
"http://dd.eionet.europa.eu/vocabulary/eurostat/indic_ur/EC2030V","Gross Domestic Product of NUTS-3 region in million Euro","","EC2030V","valid","2013-09-04"
"http://dd.eionet.europa.eu/vocabulary/eurostat/indic_ur/EC2031V","Gross Domestic Product per inhabitant in PPS of NUTS-3 region","","EC2031V","valid","2013-09-04"
"http://dd.eionet.europa.eu/vocabulary/eurostat/indic_ur/EC3039V","Median disposable annual household income - EUR","","EC3039V","valid","2013-09-04"
"http://dd.eionet.europa.eu/vocabulary/eurostat/indic_ur/EC3040V","Average disposable annual household income - EUR","","EC3040V","valid","2013-09-04"
"http://dd.eionet.europa.eu/vocabulary/eurostat/indic_ur/TE1001V","Number of children 0-4 in day care or school","","TE1001V","valid","2013-09-04"
"http://dd.eionet.europa.eu/vocabulary/eurostat/indic_ur/TE1026V","Students in higher education (ISCED level 5-8 from 2014 onwards), total","","TE1026V","valid","2013-09-04"
"http://dd.eionet.europa.eu/vocabulary/eurostat/indic_ur/TE1027V","Students in higher education (ISCED level 5-8 from 2014 onwards), male","","TE1027V","valid","2013-09-04"
"http://dd.eionet.europa.eu/vocabulary/eurostat/indic_ur/TE1028V","Students in higher education (ISCED level 5-8 from 2014 onwards), female","","TE1028V","valid","2013-09-04"
"http://dd.eionet.europa.eu/vocabulary/eurostat/indic_ur/TE2025V","Persons (aged 25-64) with ISCED level 0, 1or 2 as the highest level of education","","TE2025V","valid","2013-09-04"
"http://dd.eionet.europa.eu/vocabulary/eurostat/indic_ur/TE2028V","Persons (aged 25-64) with ISCED level 3 or 4 as the highest level of education","","TE2028V","valid","2013-09-04"
"http://dd.eionet.europa.eu/vocabulary/eurostat/indic_ur/TE2031V","Persons aged 25-64 with ISCED level 5, 6, 7 or 8 as the highest level of education, from 2014 onwards","","TE2031V","valid","2013-09-04"
"http://dd.eionet.europa.eu/vocabulary/eurostat/indic_ur/EN1002V","Total number of hours of sunshine per day","","EN1002V","valid","2013-09-04"
"http://dd.eionet.europa.eu/vocabulary/eurostat/indic_ur/EN1003V","Average temperature of warmest month - degrees","","EN1003V","valid","2013-09-04"
"http://dd.eionet.europa.eu/vocabulary/eurostat/indic_ur/EN1004V","Average temperature of coldest month - degrees","","EN1004V","valid","2013-09-04"
"http://dd.eionet.europa.eu/vocabulary/eurostat/indic_ur/EN1005V","Rainfall - litre/mÂ²","","EN1005V","valid","2013-09-04"
"http://dd.eionet.europa.eu/vocabulary/eurostat/indic_ur/EN2002V","Number of days ozone OÂ³ concentrations exceed 120 Âµg/mÂ³","","EN2002V","valid","2013-09-04"
"http://dd.eionet.europa.eu/vocabulary/eurostat/indic_ur/EN2003V","Number of hours nitrogen dioxide NOÂ² concentrations exceed 200 Âµg/mÂ³","","EN2003V","valid","2013-09-04"
"http://dd.eionet.europa.eu/vocabulary/eurostat/indic_ur/EN2005V","Number of days particulate matter PM10 concentrations exceed 50 Âµg/mÂ³","","EN2005V","valid","2013-09-04"
"http://dd.eionet.europa.eu/vocabulary/eurostat/indic_ur/EN2025V","Accumulated ozone concentration in excess 70 Âµg/mÂ³","","EN2025V","valid","2013-09-04"
"http://dd.eionet.europa.eu/vocabulary/eurostat/indic_ur/EN2026V","Annual average concentration of NOÂ² (Âµg/mÂ³)","","EN2026V","valid","2013-09-04"
"http://dd.eionet.europa.eu/vocabulary/eurostat/indic_ur/EN2027V","Annual average concentration of PM10 (Âµg/mÂ³)","","EN2027V","valid","2013-09-04"
"http://dd.eionet.europa.eu/vocabulary/eurostat/indic_ur/EN2030V","Number of days particulate matter PM2.5 concentrations exceed 50 Âµg/mÂ³","","EN2030V","valid","2013-09-04"
"http://dd.eionet.europa.eu/vocabulary/eurostat/indic_ur/EN2033V","Number of residents exposed to road traffic noise >65 dB(A) at day time","","EN2033V","valid","2013-09-04"
"http://dd.eionet.europa.eu/vocabulary/eurostat/indic_ur/EN2035V","Number of residents exposed to road traffic noise >55 dB(A) at night time","","EN2035V","valid","2013-09-04"
"http://dd.eionet.europa.eu/vocabulary/eurostat/indic_ur/EN2032V","Number of residents exposed to rail traffic (incl. tram) noise >65dB(A) at daytime","","EN2032V","valid","2013-09-04"
"http://dd.eionet.europa.eu/vocabulary/eurostat/indic_ur/EN2036V","Number of residents exposed to rail traffic (incl. tram) noise >55dB(A) at night-time","","EN2036V","valid","2013-09-04"
"http://dd.eionet.europa.eu/vocabulary/eurostat/indic_ur/EN2028V","Number of residents exposed to air traffic noise >65 dB(A) at day time","","EN2028V","valid","2013-09-04"
"http://dd.eionet.europa.eu/vocabulary/eurostat/indic_ur/EN2029V","Number of residents exposed to air traffic noise >55 dB(A) at night time","","EN2029V","valid","2013-09-04"
"http://dd.eionet.europa.eu/vocabulary/eurostat/indic_ur/EN3003V","Total use of water - mÂ³","","EN3003V","valid","2013-09-04"
"http://dd.eionet.europa.eu/vocabulary/eurostat/indic_ur/EN3010V","Price of a mÂ³ of domestic water - Euro","","EN3010V","valid","2013-09-04"
"http://dd.eionet.europa.eu/vocabulary/eurostat/indic_ur/EN3011V","Share of the urban waste water load (in population equivalents) treated according to the applicable standard -%","","EN3011V","valid","2013-09-04"
"http://dd.eionet.europa.eu/vocabulary/eurostat/indic_ur/EN5015V","Water and wetland - kmÂ²","","EN5015V","valid","2013-09-04"
"http://dd.eionet.europa.eu/vocabulary/eurostat/indic_ur/EN5012V","Green space area - kmÂ²","","EN5012V","valid","2013-09-04"
"http://dd.eionet.europa.eu/vocabulary/eurostat/indic_ur/EN5016V","Land used for agricultural purposes - kmÂ²","","EN5016V","valid","2013-09-04"
"http://dd.eionet.europa.eu/vocabulary/eurostat/indic_ur/EN5026V","Other land use - kmÂ²","","EN5026V","valid","2013-09-04"
"http://dd.eionet.europa.eu/vocabulary/eurostat/indic_ur/EN5001V","Green space to which the public has access - kmÂ²","","EN5001V","valid","2013-09-04"
"http://dd.eionet.europa.eu/vocabulary/eurostat/indic_ur/EN5109V","Overbound - underbound based on population (qualitative indicator)","","EN5109V","valid","2013-09-04"
"http://dd.eionet.europa.eu/vocabulary/eurostat/indic_ur/EN5110V","Overbound - underbound based on area (qualitative indicator)","","EN5110V","valid","2013-09-04"
"http://dd.eionet.europa.eu/vocabulary/eurostat/indic_ur/TT1003V","Share of journeys to work by car -%","","TT1003V","valid","2013-09-04"
"http://dd.eionet.europa.eu/vocabulary/eurostat/indic_ur/TT1010V","Share of journeys to work by public transport (rail, metro, bus, tram) -%","","TT1010V","valid","2013-09-04"
"http://dd.eionet.europa.eu/vocabulary/eurostat/indic_ur/TT1006V","Share of journeys to work by motor cycle -%","","TT1006V","valid","2013-09-04"
"http://dd.eionet.europa.eu/vocabulary/eurostat/indic_ur/TT1007V","Share of journeys to work by bicycle -%","","TT1007V","valid","2013-09-04"
"http://dd.eionet.europa.eu/vocabulary/eurostat/indic_ur/TT1008V","Share of journeys to work by foot -%","","TT1008V","valid","2013-09-04"
"http://dd.eionet.europa.eu/vocabulary/eurostat/indic_ur/TT1012V","Share of journeys to work by car or motor cycle -%","","TT1012V","valid","2013-09-04"
"http://dd.eionet.europa.eu/vocabulary/eurostat/indic_ur/TT1019V","Average time of journey to work - minutes","","TT1019V","valid","2013-09-04"
"http://dd.eionet.europa.eu/vocabulary/eurostat/indic_ur/TT1020V","Average length of journey to work by private car - km","","TT1020V","valid","2013-09-04"
"http://dd.eionet.europa.eu/vocabulary/eurostat/indic_ur/TT1064V","People commuting into the city","","TT1064V","valid","2013-09-04"
"http://dd.eionet.europa.eu/vocabulary/eurostat/indic_ur/TT1065V","People commuting out of the city","","TT1065V","valid","2013-09-04"
"http://dd.eionet.europa.eu/vocabulary/eurostat/indic_ur/TT1079V","Length of bicycle network (dedicated cycle paths and lanes) - km","","TT1079V","valid","2013-09-04"
"http://dd.eionet.europa.eu/vocabulary/eurostat/indic_ur/TT1080V","Cost of a combined monthly ticket (all modes of public transport) for 5-10 km in the central zone - EUR","","TT1080V","valid","2013-09-04"
"http://dd.eionet.europa.eu/vocabulary/eurostat/indic_ur/TT1081V","Cost of a taxi ride of 5 km to the centre at day time - EUR","","TT1081V","valid","2013-09-04"
"http://dd.eionet.europa.eu/vocabulary/eurostat/indic_ur/TT1057V","Number of private cars registered","","TT1057V","valid","2013-09-04"
"http://dd.eionet.europa.eu/vocabulary/eurostat/indic_ur/TT1060V","Number of deaths in road accidents","","TT1060V","valid","2013-09-04"
"http://dd.eionet.europa.eu/vocabulary/eurostat/indic_ur/TT1071V","Accessibility by air (EU27 = 100) - index","","TT1071V","valid","2013-09-04"
"http://dd.eionet.europa.eu/vocabulary/eurostat/indic_ur/TT1072V","Accessibility by rail (EU27 = 100) - index","","TT1072V","valid","2013-09-04"
"http://dd.eionet.europa.eu/vocabulary/eurostat/indic_ur/TT1073V","Accessibility by road (EU27 = 100) - index","","TT1073V","valid","2013-09-04"
"http://dd.eionet.europa.eu/vocabulary/eurostat/indic_ur/TT1074V","Multimodal accessibility (EU27 = 100) - index","","TT1074V","valid","2013-09-04"
"http://dd.eionet.europa.eu/vocabulary/eurostat/indic_ur/CR1003V","Number of cinema seats (total capacity)","","CR1003V","valid","2013-09-04"
"http://dd.eionet.europa.eu/vocabulary/eurostat/indic_ur/CR1005V","Cinema attendance (per year)","","CR1005V","valid","2013-09-04"
"http://dd.eionet.europa.eu/vocabulary/eurostat/indic_ur/CR1007V","Number of museum visitors (per year)","","CR1007V","valid","2013-09-04"
"http://dd.eionet.europa.eu/vocabulary/eurostat/indic_ur/CR1008V","Number of theatres","","CR1008V","valid","2013-09-04"
"http://dd.eionet.europa.eu/vocabulary/eurostat/indic_ur/CR1010V","Number of public libraries (all distribution points)","","CR1010V","valid","2013-09-04"
"http://dd.eionet.europa.eu/vocabulary/eurostat/indic_ur/CR1015V","Number of public swimming pools (indoor and outdoor, excluding beaches)","","CR1015V","valid","2013-09-04"
"http://dd.eionet.europa.eu/vocabulary/eurostat/indic_ur/CR2001V","Total nights spent in tourist accommodation establishments","","CR2001V","valid","2013-09-04"
"http://dd.eionet.europa.eu/vocabulary/eurostat/indic_ur/CR2009V","Number of bed-places in tourist accommodation establishments","","CR2009V","valid","2013-09-04"
"http://dd.eionet.europa.eu/vocabulary/eurostat/indic_ur/CR2004V","Number of air passengers using nearest airport","","CR2004V","valid","2013-09-04"
"http://dd.eionet.europa.eu/vocabulary/eurostat/indic_ur/CR2005V","Number of air passengers using nearest airport - total arrivals","","CR2005V","valid","2013-09-04"
"http://dd.eionet.europa.eu/vocabulary/eurostat/indic_ur/CR2006V","Number of air passengers using nearest airport - domestic arrivals","","CR2006V","valid","2013-09-04"
"http://dd.eionet.europa.eu/vocabulary/eurostat/indic_ur/CR2007V","Number of air passengers using nearest airport - total departures","","CR2007V","valid","2013-09-04"
"http://dd.eionet.europa.eu/vocabulary/eurostat/indic_ur/CR2008V","Number of air passengers using nearest airport - domestic departures","","CR2008V","valid","2013-09-04"
"http://dd.eionet.europa.eu/vocabulary/eurostat/indic_ur/PS1012V","Public transport in the city, for example bus, tram or metro: very satisfied","","PS1012V","valid","2013-09-04"
"http://dd.eionet.europa.eu/vocabulary/eurostat/indic_ur/PS1013V","Public transport in the city, for example bus, tram or metro: rather satisfied","","PS1013V","valid","2013-09-04"
"http://dd.eionet.europa.eu/vocabulary/eurostat/indic_ur/PS1014V","Public transport in the city, for example bus, tram or metro: rather unsatisfied","","PS1014V","valid","2013-09-04"
"http://dd.eionet.europa.eu/vocabulary/eurostat/indic_ur/PS1015V","Public transport in the city, for example bus, tram or metro: not at all satisfied","","PS1015V","valid","2013-09-04"
"http://dd.eionet.europa.eu/vocabulary/eurostat/indic_ur/PS1016V","Public transport in the city, for example bus, tram or metro: don't know / no answer","","PS1016V","valid","2013-09-04"
"http://dd.eionet.europa.eu/vocabulary/eurostat/indic_ur/PS1022V","Schools in the city: very satisfied","","PS1022V","valid","2013-09-04"
"http://dd.eionet.europa.eu/vocabulary/eurostat/indic_ur/PS1023V","Schools in the city: rather satisfied","","PS1023V","valid","2013-09-04"
"http://dd.eionet.europa.eu/vocabulary/eurostat/indic_ur/PS1024V","Schools in the city: rather unsatisfied","","PS1024V","valid","2013-09-04"
"http://dd.eionet.europa.eu/vocabulary/eurostat/indic_ur/PS1025V","Schools in the city: not at all satisfied","","PS1025V","valid","2013-09-04"
"http://dd.eionet.europa.eu/vocabulary/eurostat/indic_ur/PS1026V","Schools in the city: don't know / no answer","","PS1026V","valid","2013-09-04"
"http://dd.eionet.europa.eu/vocabulary/eurostat/indic_ur/PS1032V","Health care services offered by hospitals in the city: very satisfied","","PS1032V","valid","2013-09-04"
"http://dd.eionet.europa.eu/vocabulary/eurostat/indic_ur/PS1033V","Health care services offered by hospitals in the city: rather satisfied","","PS1033V","valid","2013-09-04"
"http://dd.eionet.europa.eu/vocabulary/eurostat/indic_ur/PS1034V","Health care services offered by hospitals in the city: rather unsatisfied","","PS1034V","valid","2013-09-04"
"http://dd.eionet.europa.eu/vocabulary/eurostat/indic_ur/PS1035V","Health care services offered by hospitals in the city: not at all satisfied","","PS1035V","valid","2013-09-04"
"http://dd.eionet.europa.eu/vocabulary/eurostat/indic_ur/PS1036V","Health care services offered by hospitals in the city: don't know / no answer","","PS1036V","valid","2013-09-04"
"http://dd.eionet.europa.eu/vocabulary/eurostat/indic_ur/PS1042V","Health care services offered by doctors in the city: very satisfied","","PS1042V","valid","2013-09-04"
"http://dd.eionet.europa.eu/vocabulary/eurostat/indic_ur/PS1043V","Health care services offered by doctors in the city: rather satisfied","","PS1043V","valid","2013-09-04"
"http://dd.eionet.europa.eu/vocabulary/eurostat/indic_ur/PS1044V","Health care services offered by doctors in the city: rather unsatisfied","","PS1044V","valid","2013-09-04"
"http://dd.eionet.europa.eu/vocabulary/eurostat/indic_ur/PS1045V","Health care services offered by doctors in the city: not at all satisfied","","PS1045V","valid","2013-09-04"
"http://dd.eionet.europa.eu/vocabulary/eurostat/indic_ur/PS1046V","Health care services offered by doctors in the city: don't know / no answer","","PS1046V","valid","2013-09-04"
"http://dd.eionet.europa.eu/vocabulary/eurostat/indic_ur/PS1052V","Green spaces such as public parcs or gardens: very satisfied","","PS1052V","valid","2013-09-04"
"http://dd.eionet.europa.eu/vocabulary/eurostat/indic_ur/PS1053V","Green spaces such as public parcs or gardens: rather satisfied","","PS1053V","valid","2013-09-04"
"http://dd.eionet.europa.eu/vocabulary/eurostat/indic_ur/PS1054V","Green spaces such as public parcs or gardens: rather unsatisfied","","PS1054V","valid","2013-09-04"
"http://dd.eionet.europa.eu/vocabulary/eurostat/indic_ur/PS1055V","Green spaces such as public parcs or gardens: not at all satisfied","","PS1055V","valid","2013-09-04"
"http://dd.eionet.europa.eu/vocabulary/eurostat/indic_ur/PS1056V","Green spaces such as public parcs or gardens: don't know / no answer","","PS1056V","valid","2013-09-04"
"http://dd.eionet.europa.eu/vocabulary/eurostat/indic_ur/PS1062V","Sports facilities such as sport fields and indoor sport halls in the city: very satisfied","","PS1062V","valid","2013-09-04"
"http://dd.eionet.europa.eu/vocabulary/eurostat/indic_ur/PS1063V","Sports facilities such as sport fields and indoor sport halls in the city: rather satisfied","","PS1063V","valid","2013-09-04"
"http://dd.eionet.europa.eu/vocabulary/eurostat/indic_ur/PS1064V","Sports facilities such as sport fields and indoor sport halls in the city: rather unsatisfied","","PS1064V","valid","2013-09-04"
"http://dd.eionet.europa.eu/vocabulary/eurostat/indic_ur/PS1065V","Sports facilities such as sport fields and indoor sport halls in the city: not at all satisfied","","PS1065V","valid","2013-09-04"
"http://dd.eionet.europa.eu/vocabulary/eurostat/indic_ur/PS1066V","Sports facilities such as sport fields and indoor sport halls in the city: don't know / no answer","","PS1066V","valid","2013-09-04"
"http://dd.eionet.europa.eu/vocabulary/eurostat/indic_ur/PS1072V","Cinemas in the city: very satisfied","","PS1072V","valid","2013-09-04"
"http://dd.eionet.europa.eu/vocabulary/eurostat/indic_ur/PS1073V","Cinemas in the city: rather satisfied","","PS1073V","valid","2013-09-04"
"http://dd.eionet.europa.eu/vocabulary/eurostat/indic_ur/PS1074V","Cinemas in the city: rather unsatisfied","","PS1074V","valid","2013-09-04"
"http://dd.eionet.europa.eu/vocabulary/eurostat/indic_ur/PS1075V","Cinemas in the city: not at all satisfied","","PS1075V","valid","2013-09-04"
"http://dd.eionet.europa.eu/vocabulary/eurostat/indic_ur/PS1076V","Cinemas in the city: don't know / no answer","","PS1076V","valid","2013-09-04"
"http://dd.eionet.europa.eu/vocabulary/eurostat/indic_ur/PS1082V","Cultural facilities such as concert halls, theatres, museums and libraries in the city: very satisfied","","PS1082V","valid","2013-09-04"
"http://dd.eionet.europa.eu/vocabulary/eurostat/indic_ur/PS1083V","Cultural facilities such as concert halls, theatres, museums and libraries in the city: rather satisfied","","PS1083V","valid","2013-09-04"
"http://dd.eionet.europa.eu/vocabulary/eurostat/indic_ur/PS1084V","Cultural facilities such as concert halls, theatres, museums and libraries in the city: rather unsatisfied","","PS1084V","valid","2013-09-04"
"http://dd.eionet.europa.eu/vocabulary/eurostat/indic_ur/PS1085V","Cultural facilities such as concert halls, theatres, museums and libraries in the city: not at all satisfied","","PS1085V","valid","2013-09-04"
"http://dd.eionet.europa.eu/vocabulary/eurostat/indic_ur/PS1086V","Cultural facilities such as concert halls, theatres, museums and libraries in the city: don't know / no answer","","PS1086V","valid","2013-09-04"
"http://dd.eionet.europa.eu/vocabulary/eurostat/indic_ur/PS1092V","Public Internet access such as internet cafes or libraries in the city: very satisfied","","PS1092V","valid","2013-09-04"
"http://dd.eionet.europa.eu/vocabulary/eurostat/indic_ur/PS1093V","Public Internet access such as internet cafes or libraries in the city: rather satisfied","","PS1093V","valid","2013-09-04"
"http://dd.eionet.europa.eu/vocabulary/eurostat/indic_ur/PS1094V","Public Internet access such as internet cafes or libraries in the city: rather unsatisfied","","PS1094V","valid","2013-09-04"
"http://dd.eionet.europa.eu/vocabulary/eurostat/indic_ur/PS1095V","Public Internet access such as internet cafes or libraries in the city: not at all satisfied","","PS1095V","valid","2013-09-04"
"http://dd.eionet.europa.eu/vocabulary/eurostat/indic_ur/PS1096V","Public Internet access such as internet cafes or libraries in the city: don't know / no answer","","PS1096V","valid","2013-09-04"
"http://dd.eionet.europa.eu/vocabulary/eurostat/indic_ur/PS1102V","Internet access at home in the city: very satisfied","","PS1102V","valid","2013-09-04"
"http://dd.eionet.europa.eu/vocabulary/eurostat/indic_ur/PS1103V","Internet access at home in the city: rather satisfied","","PS1103V","valid","2013-09-04"
"http://dd.eionet.europa.eu/vocabulary/eurostat/indic_ur/PS1104V","Internet access at home in the city: rather unsatisfied","","PS1104V","valid","2013-09-04"
"http://dd.eionet.europa.eu/vocabulary/eurostat/indic_ur/PS1105V","Internet access at home in the city: not at all satisfied","","PS1105V","valid","2013-09-04"
"http://dd.eionet.europa.eu/vocabulary/eurostat/indic_ur/PS1106V","Internet access at home in the city: don't know / no answer","","PS1106V","valid","2013-09-04"
"http://dd.eionet.europa.eu/vocabulary/eurostat/indic_ur/PS2012V","In this city it is easy to find a good job: strongly agree","","PS2012V","valid","2013-09-04"
"http://dd.eionet.europa.eu/vocabulary/eurostat/indic_ur/PS2013V","In this city it is easy to find a good job: somewhat agree","","PS2013V","valid","2013-09-04"
"http://dd.eionet.europa.eu/vocabulary/eurostat/indic_ur/PS2014V","In this city it is easy to find a good job: somewhat disagree","","PS2014V","valid","2013-09-04"
"http://dd.eionet.europa.eu/vocabulary/eurostat/indic_ur/PS2015V","In this city it is easy to find a good job: strongly disagree","","PS2015V","valid","2013-09-04"
"http://dd.eionet.europa.eu/vocabulary/eurostat/indic_ur/PS2016V","In this city it is easy to find a good job: don't know / no answer","","PS2016V","valid","2013-09-04"
"http://dd.eionet.europa.eu/vocabulary/eurostat/indic_ur/PS2022V","Foreigners who live in this city are well integrated: strongly agree","","PS2022V","valid","2013-09-04"
"http://dd.eionet.europa.eu/vocabulary/eurostat/indic_ur/PS2023V","Foreigners who live in this city are well integrated: somewhat agree","","PS2023V","valid","2013-09-04"
"http://dd.eionet.europa.eu/vocabulary/eurostat/indic_ur/PS2024V","Foreigners who live in this city are well integrated: somewhat disagree","","PS2024V","valid","2013-09-04"
"http://dd.eionet.europa.eu/vocabulary/eurostat/indic_ur/PS2025V","Foreigners who live in this city are well integrated: strongly disagree","","PS2025V","valid","2013-09-04"
"http://dd.eionet.europa.eu/vocabulary/eurostat/indic_ur/PS2026V","Foreigners who live in this city are well integrated: don't know / no answer","","PS2026V","valid","2013-09-04"
"http://dd.eionet.europa.eu/vocabulary/eurostat/indic_ur/PS2032V","In this city, it is easy to find good housing at a reasonable price: strongly agree","","PS2032V","valid","2013-09-04"
"http://dd.eionet.europa.eu/vocabulary/eurostat/indic_ur/PS2033V","In this city, it is easy to find good housing at a reasonable price: somewhat agree","","PS2033V","valid","2013-09-04"
"http://dd.eionet.europa.eu/vocabulary/eurostat/indic_ur/PS2034V","In this city, it is easy to find good housing at a reasonable price: somewhat disagree","","PS2034V","valid","2013-09-04"
"http://dd.eionet.europa.eu/vocabulary/eurostat/indic_ur/PS2035V","In this city, it is easy to find good housing at a reasonable price: strongly disagree","","PS2035V","valid","2013-09-04"
"http://dd.eionet.europa.eu/vocabulary/eurostat/indic_ur/PS2036V","In this city, it is easy to find good housing at a reasonable price: don't know / no answer","","PS2036V","valid","2013-09-04"
"http://dd.eionet.europa.eu/vocabulary/eurostat/indic_ur/PS2042V","When you contact administrative services of this city, they help you efficiently: strongly agree","","PS2042V","valid","2013-09-04"
"http://dd.eionet.europa.eu/vocabulary/eurostat/indic_ur/PS2043V","When you contact administrative services of this city, they help you efficiently: somewhat agree","","PS2043V","valid","2013-09-04"
"http://dd.eionet.europa.eu/vocabulary/eurostat/indic_ur/PS2044V","When you contact administrative services of this city, they help you efficiently: somewhat disagree","","PS2044V","valid","2013-09-04"
"http://dd.eionet.europa.eu/vocabulary/eurostat/indic_ur/PS2045V","When you contact administrative services of this city, they help you efficiently: strongly disagree","","PS2045V","valid","2013-09-04"
"http://dd.eionet.europa.eu/vocabulary/eurostat/indic_ur/PS2046V","When you contact administrative services of this city, they help you efficiently: don't know / no answer","","PS2046V","valid","2013-09-04"
"http://dd.eionet.europa.eu/vocabulary/eurostat/indic_ur/PS2052V","In this city, air pollution is a big problem: strongly agree","","PS2052V","valid","2013-09-04"
"http://dd.eionet.europa.eu/vocabulary/eurostat/indic_ur/PS2053V","In this city, air pollution is a big problem: somewhat agree","","PS2053V","valid","2013-09-04"
"http://dd.eionet.europa.eu/vocabulary/eurostat/indic_ur/PS2054V","In this city, air pollution is a big problem: somewhat disagree","","PS2054V","valid","2013-09-04"
"http://dd.eionet.europa.eu/vocabulary/eurostat/indic_ur/PS2055V","In this city, air pollution is a big problem: strongly disagree","","PS2055V","valid","2013-09-04"
"http://dd.eionet.europa.eu/vocabulary/eurostat/indic_ur/PS2056V","In this city, air pollution is a big problem: don't know / no answer","","PS2056V","valid","2013-09-04"
"http://dd.eionet.europa.eu/vocabulary/eurostat/indic_ur/PS2062V","In this city, noise is a big problem: strongly agree","","PS2062V","valid","2013-09-04"
"http://dd.eionet.europa.eu/vocabulary/eurostat/indic_ur/PS2063V","In this city, noise is a big problem: somewhat agree","","PS2063V","valid","2013-09-04"
"http://dd.eionet.europa.eu/vocabulary/eurostat/indic_ur/PS2064V","In this city, noise is a big problem: somewhat disagree","","PS2064V","valid","2013-09-04"
"http://dd.eionet.europa.eu/vocabulary/eurostat/indic_ur/PS2065V","In this city, noise is a big problem: strongly disagree","","PS2065V","valid","2013-09-04"
"http://dd.eionet.europa.eu/vocabulary/eurostat/indic_ur/PS2066V","In this city, noise is a big problem: don't know / no answer","","PS2066V","valid","2013-09-04"
"http://dd.eionet.europa.eu/vocabulary/eurostat/indic_ur/PS2072V","this city is a clean city: strongly agree","","PS2072V","valid","2013-09-04"
"http://dd.eionet.europa.eu/vocabulary/eurostat/indic_ur/PS2073V","this city is a clean city: somewhat agree","","PS2073V","valid","2013-09-04"
"http://dd.eionet.europa.eu/vocabulary/eurostat/indic_ur/PS2074V","this city is a clean city: somewhat disagree","","PS2074V","valid","2013-09-04"
"http://dd.eionet.europa.eu/vocabulary/eurostat/indic_ur/PS2075V","this city is a clean city: strongly disagree","","PS2075V","valid","2013-09-04"
"http://dd.eionet.europa.eu/vocabulary/eurostat/indic_ur/PS2076V","this city is a clean city: don't know / no answer","","PS2076V","valid","2013-09-04"
"http://dd.eionet.europa.eu/vocabulary/eurostat/indic_ur/PS2082V","This city spends its resources in a responsible way: strongly agree","","PS2082V","valid","2013-09-04"
"http://dd.eionet.europa.eu/vocabulary/eurostat/indic_ur/PS2083V","This city spends its resources in a responsible way: somewhat agree","","PS2083V","valid","2013-09-04"
"http://dd.eionet.europa.eu/vocabulary/eurostat/indic_ur/PS2084V","This city spends its resources in a responsible way: somewhat disagree","","PS2084V","valid","2013-09-04"
"http://dd.eionet.europa.eu/vocabulary/eurostat/indic_ur/PS2085V","This city spends its resources in a responsible way: strongly disagree","","PS2085V","valid","2013-09-04"
"http://dd.eionet.europa.eu/vocabulary/eurostat/indic_ur/PS2086V","This city spends its resources in a responsible way: don't know / no answer","","PS2086V","valid","2013-09-04"
"http://dd.eionet.europa.eu/vocabulary/eurostat/indic_ur/PS2092V","You are satisfied to live in this city: strongly agree","","PS2092V","valid","2013-09-04"
"http://dd.eionet.europa.eu/vocabulary/eurostat/indic_ur/PS2093V","You are satisfied to live in this city: somewhat agree","","PS2093V","valid","2013-09-04"
"http://dd.eionet.europa.eu/vocabulary/eurostat/indic_ur/PS2094V","You are satisfied to live in this city: somewhat disagree","","PS2094V","valid","2013-09-04"
"http://dd.eionet.europa.eu/vocabulary/eurostat/indic_ur/PS2095V","You are satisfied to live in this city: strongly disagree","","PS2095V","valid","2013-09-04"
"http://dd.eionet.europa.eu/vocabulary/eurostat/indic_ur/PS2096V","You are satisfied to live in this city: don't know / no answer","","PS2096V","valid","2013-09-04"
"http://dd.eionet.europa.eu/vocabulary/eurostat/indic_ur/PS2102V","In the next five years, it will be more pleasant to live in this city: strongly agree","","PS2102V","valid","2013-09-04"
"http://dd.eionet.europa.eu/vocabulary/eurostat/indic_ur/PS2103V","In the next five years, it will be more pleasant to live in this city: somewhat agree","","PS2103V","valid","2013-09-04"
"http://dd.eionet.europa.eu/vocabulary/eurostat/indic_ur/PS2104V","In the next five years, it will be more pleasant to live in this city: somewhat disagree","","PS2104V","valid","2013-09-04"
"http://dd.eionet.europa.eu/vocabulary/eurostat/indic_ur/PS2105V","In the next five years, it will be more pleasant to live in this city: strongly disagree","","PS2105V","valid","2013-09-04"
"http://dd.eionet.europa.eu/vocabulary/eurostat/indic_ur/PS2106V","In the next five years, it will be more pleasant to live in this city: don't know / no answer","","PS2106V","valid","2013-09-04"
"http://dd.eionet.europa.eu/vocabulary/eurostat/indic_ur/PS3014V","You have difficulty paying your bills at the end of the month: rarely or never","","PS3014V","valid","2013-09-04"
"http://dd.eionet.europa.eu/vocabulary/eurostat/indic_ur/PS3024V","You feel safe in the neighborhood you live in: rarely or never","","PS3024V","valid","2013-09-04"
"http://dd.eionet.europa.eu/vocabulary/eurostat/indic_ur/PS3042V","Health care services offered by doctors and hospitals in this city: very satisfied","","PS3042V","valid","2013-09-04"
"http://dd.eionet.europa.eu/vocabulary/eurostat/indic_ur/PS3043V","Health care services offered by doctors and hospitals in this city: rather satisfied","","PS3043V","valid","2013-09-04"
"http://dd.eionet.europa.eu/vocabulary/eurostat/indic_ur/PS3044V","Health care services offered by doctors and hospitals in this city: rather unsatisfied","","PS3044V","valid","2013-09-04"
"http://dd.eionet.europa.eu/vocabulary/eurostat/indic_ur/PS3045V","Health care services offered by doctors and hospitals in this city: not at all satisfied","","PS3045V","valid","2013-09-04"
"http://dd.eionet.europa.eu/vocabulary/eurostat/indic_ur/PS3046V","Health care services offered by doctors and hospitals in this city: don't know / no answer","","PS3046V","valid","2013-09-04"
"http://dd.eionet.europa.eu/vocabulary/eurostat/indic_ur/PS3052V","The beauty of streets and buildings in your neighborhood: very satisfied","","PS3052V","valid","2013-09-04"
"http://dd.eionet.europa.eu/vocabulary/eurostat/indic_ur/PS3053V","The beauty of streets and buildings in your neighborhood: rather satisfied","","PS3053V","valid","2013-09-04"
"http://dd.eionet.europa.eu/vocabulary/eurostat/indic_ur/PS3054V","The beauty of streets and buildings in your neighborhood: rather unsatisfied","","PS3054V","valid","2013-09-04"
"http://dd.eionet.europa.eu/vocabulary/eurostat/indic_ur/PS3055V","The beauty of streets and buildings in your neighborhood: not at all satisfied","","PS3055V","valid","2013-09-04"
"http://dd.eionet.europa.eu/vocabulary/eurostat/indic_ur/PS3056V","The beauty of streets and buildings in your neighborhood: don't know / no answer","","PS3056V","valid","2013-09-04"
"http://dd.eionet.europa.eu/vocabulary/eurostat/indic_ur/PS3062V","Public spaces in this city such as markets, squares, pedestrian areas: very satisfied","","PS3062V","valid","2013-09-04"
"http://dd.eionet.europa.eu/vocabulary/eurostat/indic_ur/PS3063V","Public spaces in this city such as markets, squares, pedestrian areas: rather satisfied","","PS3063V","valid","2013-09-04"
"http://dd.eionet.europa.eu/vocabulary/eurostat/indic_ur/PS3064V","Public spaces in this city such as markets, squares, pedestrian areas: rather unsatisfied","","PS3064V","valid","2013-09-04"
"http://dd.eionet.europa.eu/vocabulary/eurostat/indic_ur/PS3065V","Public spaces in this city such as markets, squares, pedestrian areas: not at all satisfied","","PS3065V","valid","2013-09-04"
"http://dd.eionet.europa.eu/vocabulary/eurostat/indic_ur/PS3066V","Public spaces in this city such as markets, squares, pedestrian areas: don't know / no answer4","","PS3066V","valid","2013-09-04"
"http://dd.eionet.europa.eu/vocabulary/eurostat/indic_ur/PS3072V","Outdoor recreation outside / around this city, such as walking, cycling or picnicking : very satisfied","","PS3072V","valid","2013-09-04"
"http://dd.eionet.europa.eu/vocabulary/eurostat/indic_ur/PS3073V","Outdoor recreation outside / around this city, such as walking, cycling or picnicking : rather satisfied","","PS3073V","valid","2013-09-04"
"http://dd.eionet.europa.eu/vocabulary/eurostat/indic_ur/PS3074V","Outdoor recreation outside / around this city, such as walking, cycling or picnicking : rather unsatisfied","","PS3074V","valid","2013-09-04"
"http://dd.eionet.europa.eu/vocabulary/eurostat/indic_ur/PS3075V","Outdoor recreation outside / around this city, such as walking, cycling or picnicking : not at all satisfied","","PS3075V","valid","2013-09-04"
"http://dd.eionet.europa.eu/vocabulary/eurostat/indic_ur/PS3076V","Outdoor recreation outside / around this city, such as walking, cycling or picnicking : don't know / no answer","","PS3076V","valid","2013-09-04"
"http://dd.eionet.europa.eu/vocabulary/eurostat/indic_ur/PS3082V","The presence of foreigners is good for this city: strongly agree","","PS3082V","valid","2013-09-04"
"http://dd.eionet.europa.eu/vocabulary/eurostat/indic_ur/PS3083V","The presence of foreigners is good for this city: somewhat agree","","PS3083V","valid","2013-09-04"
"http://dd.eionet.europa.eu/vocabulary/eurostat/indic_ur/PS3084V","The presence of foreigners is good for this city: somewhat disagree","","PS3084V","valid","2013-09-04"
"http://dd.eionet.europa.eu/vocabulary/eurostat/indic_ur/PS3085V","The presence of foreigners is good for this city: strongly disagree","","PS3085V","valid","2013-09-04"
"http://dd.eionet.europa.eu/vocabulary/eurostat/indic_ur/PS3086V","The presence of foreigners is good for this city: don't know / no answer","","PS3086V","valid","2013-09-04"
"http://dd.eionet.europa.eu/vocabulary/eurostat/indic_ur/PS3092V","Generally speaking, most people in this city can be trusted: strongly agree","","PS3092V","valid","2013-09-04"
"http://dd.eionet.europa.eu/vocabulary/eurostat/indic_ur/PS3093V","Generally speaking, most people in this city can be trusted: somewhat agree","","PS3093V","valid","2013-09-04"
"http://dd.eionet.europa.eu/vocabulary/eurostat/indic_ur/PS3094V","Generally speaking, most people in this city can be trusted: somewhat disagree","","PS3094V","valid","2013-09-04"
"http://dd.eionet.europa.eu/vocabulary/eurostat/indic_ur/PS3095V","Generally speaking, most people in this city can be trusted: strongly disagree","","PS3095V","valid","2013-09-04"
"http://dd.eionet.europa.eu/vocabulary/eurostat/indic_ur/PS3096V","Generally speaking, most people in this city can be trusted: don't know / no answer","","PS3096V","valid","2013-09-04"
"http://dd.eionet.europa.eu/vocabulary/eurostat/indic_ur/PS3112V","In this city, poverty is a problem: strongly agree","","PS3112V","valid","2013-09-04"
"http://dd.eionet.europa.eu/vocabulary/eurostat/indic_ur/PS3113V","In this city, poverty is a problem: somewhat agree","","PS3113V","valid","2013-09-04"
"http://dd.eionet.europa.eu/vocabulary/eurostat/indic_ur/PS3114V","In this city, poverty is a problem: somewhat disagree","","PS3114V","valid","2013-09-04"
"http://dd.eionet.europa.eu/vocabulary/eurostat/indic_ur/PS3115V","In this city, poverty is a problem: strongly disagree","","PS3115V","valid","2013-09-04"
"http://dd.eionet.europa.eu/vocabulary/eurostat/indic_ur/PS3116V","In this city, poverty is a problem: don't know / no answer","","PS3116V","valid","2013-09-04"
"http://dd.eionet.europa.eu/vocabulary/eurostat/indic_ur/PS3122V","This city is committed to the fight against climate change (e.g; reducing energy consumption in housing or promoting alternatives to transport by car): strongly agree","","PS3122V","valid","2013-09-04"
"http://dd.eionet.europa.eu/vocabulary/eurostat/indic_ur/PS3123V","This city is committed to the fight against climate change (e.g; reducing energy consumption in housing or promoting alternatives to transport by car): somewhat agree","","PS3123V","valid","2013-09-04"
"http://dd.eionet.europa.eu/vocabulary/eurostat/indic_ur/PS3124V","This city is committed to the fight against climate change (e.g; reducing energy consumption in housing or promoting alternatives to transport by car): somewhat disagree","","PS3124V","valid","2013-09-04"
"http://dd.eionet.europa.eu/vocabulary/eurostat/indic_ur/PS3125V","This city is committed to the fight against climate change (e.g; reducing energy consumption in housing or promoting alternatives to transport by car): strongly disagree","","PS3125V","valid","2013-09-04"
"http://dd.eionet.europa.eu/vocabulary/eurostat/indic_ur/PS3126V","This city is committed to the fight against climate change (e.g; reducing energy consumption in housing or promoting alternatives to transport by car): don't know / no answer","","PS3126V","valid","2013-09-04"
"http://dd.eionet.europa.eu/vocabulary/eurostat/indic_ur/PS3132V","This city is a healthy city to live in: strongly agree","","PS3132V","valid","2013-09-04"
"http://dd.eionet.europa.eu/vocabulary/eurostat/indic_ur/PS3133V","This city is a healthy city to live in: somewhat agree","","PS3133V","valid","2013-09-04"
"http://dd.eionet.europa.eu/vocabulary/eurostat/indic_ur/PS3134V","This city is a healthy city to live in: somewhat disagree","","PS3134V","valid","2013-09-04"
"http://dd.eionet.europa.eu/vocabulary/eurostat/indic_ur/PS3135V","This city is a healthy city to live in: strongly disagree","","PS3135V","valid","2013-09-04"
"http://dd.eionet.europa.eu/vocabulary/eurostat/indic_ur/PS3136V","This city is a healthy city to live in: don't know / no answer","","PS3136V","valid","2013-09-04"
"http://dd.eionet.europa.eu/vocabulary/eurostat/indic_ur/PS3142V","You have difficulty paying your bills at the end of the month: always","","PS3142V","valid","2013-09-04"
"http://dd.eionet.europa.eu/vocabulary/eurostat/indic_ur/PS3143V","You have difficulty paying your bills at the end of the month: sometimes","","PS3143V","valid","2013-09-04"
"http://dd.eionet.europa.eu/vocabulary/eurostat/indic_ur/PS3144V","You have difficulty paying your bills at the end of the month: rarely","","PS3144V","valid","2013-09-04"
"http://dd.eionet.europa.eu/vocabulary/eurostat/indic_ur/PS3145V","You have difficulty paying your bills at the end of the month: never","","PS3145V","valid","2013-09-04"
"http://dd.eionet.europa.eu/vocabulary/eurostat/indic_ur/PS3146V","You have difficulty paying your bills at the end of the month: don't know / no answer","","PS3146V","valid","2013-09-04"
"http://dd.eionet.europa.eu/vocabulary/eurostat/indic_ur/PS3151V","Minutes per day spent travelling to work/training place: less than 10 minutes","","PS3151V","valid","2013-09-04"
"http://dd.eionet.europa.eu/vocabulary/eurostat/indic_ur/PS3152V","Minutes per day spent travelling to work/training place: 10-20 minutes","","PS3152V","valid","2013-09-04"
"http://dd.eionet.europa.eu/vocabulary/eurostat/indic_ur/PS3153V","Minutes per day spent travelling to work/training place: 20-30 minutes","","PS3153V","valid","2013-09-04"
"http://dd.eionet.europa.eu/vocabulary/eurostat/indic_ur/PS3154V","Minutes per day spent travelling to work/training place: 30-45 minuts","","PS3154V","valid","2013-09-04"
"http://dd.eionet.europa.eu/vocabulary/eurostat/indic_ur/PS3155V","Minutes per day spent travelling to work/training place: 45-60 minutes","","PS3155V","valid","2013-09-04"
"http://dd.eionet.europa.eu/vocabulary/eurostat/indic_ur/PS3156V","Minutes per day spent travelling to work/training place: more than 60 minutes","","PS3156V","valid","2013-09-04"
"http://dd.eionet.europa.eu/vocabulary/eurostat/indic_ur/PS3157V","Minutes per day spent travelling to work/training place: does not cummute, work from home","","PS3157V","valid","2013-09-04"
"http://dd.eionet.europa.eu/vocabulary/eurostat/indic_ur/PS3158V","Minutes per day spent travelling to work or training place: No work or training","","PS3158V","valid","2013-09-04"
"http://dd.eionet.europa.eu/vocabulary/eurostat/indic_ur/PS3159V","Minutes per day spent travelling to work/training place: don't know / no answer","","PS3159V","valid","2013-09-04"
"http://dd.eionet.europa.eu/vocabulary/eurostat/indic_ur/PS3161V","Means of transport primarily used to go to work/training place: public transport","","PS3161V","valid","2013-09-04"
"http://dd.eionet.europa.eu/vocabulary/eurostat/indic_ur/PS3162V","Means of transport primarily used to go to work/training place: car","","PS3162V","valid","2013-09-04"
"http://dd.eionet.europa.eu/vocabulary/eurostat/indic_ur/PS3163V","Means of transport primarily used to go to work/training place: bicycle","","PS3163V","valid","2013-09-04"
"http://dd.eionet.europa.eu/vocabulary/eurostat/indic_ur/PS3164V","Means of transport primarily used to go to work/training place: walking","","PS3164V","valid","2013-09-04"
"http://dd.eionet.europa.eu/vocabulary/eurostat/indic_ur/PS3165V","Means of transport primarily used to go to work/training place: motorcycle","","PS3165V","valid","2013-09-04"
"http://dd.eionet.europa.eu/vocabulary/eurostat/indic_ur/PS3166V","Means of transport primarily used to go to work/training place: other","","PS3166V","valid","2013-09-04"
"http://dd.eionet.europa.eu/vocabulary/eurostat/indic_ur/PS3167V","Means of transport primarily used to go to work/training place: don't know / no answer","","PS3167V","valid","2013-09-04"
"http://dd.eionet.europa.eu/vocabulary/eurostat/indic_ur/PS3171V","How often do you use public transport in this city?: never","","PS3171V","valid","2013-09-04"
"http://dd.eionet.europa.eu/vocabulary/eurostat/indic_ur/PS3172V","How often do you use public transport in this city?: less than once a month","","PS3172V","valid","2013-09-04"
"http://dd.eionet.europa.eu/vocabulary/eurostat/indic_ur/PS3173V","How often do you use public transport in this city?: more than once a month","","PS3173V","valid","2013-09-04"
"http://dd.eionet.europa.eu/vocabulary/eurostat/indic_ur/PS3174V","How often do you use public transport in this city?: at least once a week, but not every day","","PS3174V","valid","2013-09-04"
"http://dd.eionet.europa.eu/vocabulary/eurostat/indic_ur/PS3175V","How often do you use public transport in this city?: every day","","PS3175V","valid","2013-09-04"
"http://dd.eionet.europa.eu/vocabulary/eurostat/indic_ur/PS3176V","How often do you use public transport in this city?: don't know / no answer","","PS3176V","valid","2013-09-04"
"http://dd.eionet.europa.eu/vocabulary/eurostat/indic_ur/PS3181V","Why don't you use public transport?: not frequent enough","","PS3181V","valid","2013-09-04"
"http://dd.eionet.europa.eu/vocabulary/eurostat/indic_ur/PS3182V","Why don't you use public transport?: too congested","","PS3182V","valid","2013-09-04"
"http://dd.eionet.europa.eu/vocabulary/eurostat/indic_ur/PS3183V","Why don't you use public transport?: time schedule is not reliable","","PS3183V","valid","2013-09-04"
"http://dd.eionet.europa.eu/vocabulary/eurostat/indic_ur/PS3184V","Why don't you use public transport?: not adapted to my itinerary","","PS3184V","valid","2013-09-04"
"http://dd.eionet.europa.eu/vocabulary/eurostat/indic_ur/PS3185V","Why don't you use public transport? Not easy to access","","PS3185V","valid","2013-09-04"
"http://dd.eionet.europa.eu/vocabulary/eurostat/indic_ur/PS3186V","Why don't you use public transport? Not safe","","PS3186V","valid","2013-09-04"
"http://dd.eionet.europa.eu/vocabulary/eurostat/indic_ur/PS3187V","Why don't you use public transport?: I do not like public transport","","PS3187V","valid","2013-09-04"
"http://dd.eionet.europa.eu/vocabulary/eurostat/indic_ur/PS3188V","Why don't you use public transport?: too expensive","","PS3188V","valid","2013-09-04"
"http://dd.eionet.europa.eu/vocabulary/eurostat/indic_ur/PS3189V","Why don't you use public transport?: other","","PS3189V","valid","2013-09-04"
"http://dd.eionet.europa.eu/vocabulary/eurostat/indic_ur/PS3191V","Why don't you use public transport?: don't know / no answer","","PS3191V","valid","2013-09-04"
"http://dd.eionet.europa.eu/vocabulary/eurostat/indic_ur/PS3211V","Most important in my city: Urban safety","","PS3211V","valid","2013-09-04"
"http://dd.eionet.europa.eu/vocabulary/eurostat/indic_ur/PS3212V","Most important in my city: air pollution","","PS3212V","valid","2013-09-04"
"http://dd.eionet.europa.eu/vocabulary/eurostat/indic_ur/PS3213V","Most important in my city: noise","","PS3213V","valid","2013-09-04"
"http://dd.eionet.europa.eu/vocabulary/eurostat/indic_ur/PS3214V","Most important in my city: public transport","","PS3214V","valid","2013-09-04"
"http://dd.eionet.europa.eu/vocabulary/eurostat/indic_ur/PS3215V","Most important in my city: health services","","PS3215V","valid","2013-09-04"
"http://dd.eionet.europa.eu/vocabulary/eurostat/indic_ur/PS3216V","Most important in my city: social services","","PS3216V","valid","2013-09-04"
"http://dd.eionet.europa.eu/vocabulary/eurostat/indic_ur/PS3217V","Most important in my city: education and training","","PS3217V","valid","2013-09-04"
"http://dd.eionet.europa.eu/vocabulary/eurostat/indic_ur/PS3221V","Most important in my city: jobs creation / reduce unemployment","","PS3221V","valid","2013-09-04"
"http://dd.eionet.europa.eu/vocabulary/eurostat/indic_ur/PS3222V","Most important in my city: housing conditions","","PS3222V","valid","2013-09-04"
"http://dd.eionet.europa.eu/vocabulary/eurostat/indic_ur/PS3223V","Most important in my city: road infrastructure","","PS3223V","valid","2013-09-04"
"http://dd.eionet.europa.eu/vocabulary/eurostat/indic_ur/PS3224V","Most important in my city: don't know / no answer","","PS3224V","valid","2013-09-04"
"http://dd.eionet.europa.eu/vocabulary/eurostat/indic_ur/DE1040I","Proportion of population aged 0-4 years","","DE1040I","valid","2013-09-04"
"http://dd.eionet.europa.eu/vocabulary/eurostat/indic_ur/DE1084I","Proportion of population aged 5-9 years","","DE1084I","valid","2013-09-04"
"http://dd.eionet.europa.eu/vocabulary/eurostat/indic_ur/DE1085I","Proportion of population aged 10-14 years","","DE1085I","valid","2013-09-04"
"http://dd.eionet.europa.eu/vocabulary/eurostat/indic_ur/DE1046I","Proportion of population aged 15-19 years","","DE1046I","valid","2013-09-04"
"http://dd.eionet.europa.eu/vocabulary/eurostat/indic_ur/DE1049I","Proportion of population aged 20-24 years","","DE1049I","valid","2013-09-04"
"http://dd.eionet.europa.eu/vocabulary/eurostat/indic_ur/DE1073I","Proportion of population aged 25-34 years","","DE1073I","valid","2013-09-04"
"http://dd.eionet.europa.eu/vocabulary/eurostat/indic_ur/DE1076I","Proportion of population aged 35-44 years","","DE1076I","valid","2013-09-04"
"http://dd.eionet.europa.eu/vocabulary/eurostat/indic_ur/DE1064I","Proportion of population aged 45-54 years","","DE1064I","valid","2013-09-04"
"http://dd.eionet.europa.eu/vocabulary/eurostat/indic_ur/DE1025I","Proportion of total population aged 55-64","","DE1025I","valid","2013-09-04"
"http://dd.eionet.europa.eu/vocabulary/eurostat/indic_ur/DE1028I","Proportion of population aged 65-74 years","","DE1028I","valid","2013-09-04"
"http://dd.eionet.europa.eu/vocabulary/eurostat/indic_ur/DE1055I","Proportion of population aged 75 years and over","","DE1055I","valid","2013-09-04"
"http://dd.eionet.europa.eu/vocabulary/eurostat/indic_ur/DE1003I","Women per 100 men","","DE1003I","valid","2013-09-04"
"http://dd.eionet.europa.eu/vocabulary/eurostat/indic_ur/DE1057I","Women per 100 men - aged 75 years and over","","DE1057I","valid","2013-09-04"
"http://dd.eionet.europa.eu/vocabulary/eurostat/indic_ur/DE1061I","Population change over 1 year","","DE1061I","valid","2013-09-04"
"http://dd.eionet.europa.eu/vocabulary/eurostat/indic_ur/DE1058I","Age dependency ratio (population aged 0-19 and 65 and more to population aged 20-64)","","DE1058I","valid","2013-09-04"
"http://dd.eionet.europa.eu/vocabulary/eurostat/indic_ur/DE1059I","Young-age dependency ratio (population aged 0-19 to population 20-64 years)","","DE1059I","valid","2013-09-04"
"http://dd.eionet.europa.eu/vocabulary/eurostat/indic_ur/DE1060I","Old age dependency ratio (population 65 and over to population 20 to 64 years)","","DE1060I","valid","2013-09-04"
"http://dd.eionet.europa.eu/vocabulary/eurostat/indic_ur/DE2001I","Nationals as a proportion of population","","DE2001I","valid","2013-09-04"
"http://dd.eionet.europa.eu/vocabulary/eurostat/indic_ur/DE2007I","Foreigners as a proportion of population","","DE2007I","valid","2013-09-04"
"http://dd.eionet.europa.eu/vocabulary/eurostat/indic_ur/DE2008I","Native-born as a proportion of population","","DE2008I","valid","2013-09-04"
"http://dd.eionet.europa.eu/vocabulary/eurostat/indic_ur/DE2009I","Foreign-born as a proportion of population","","DE2009I","valid","2013-09-04"
"http://dd.eionet.europa.eu/vocabulary/eurostat/indic_ur/DE2002I","EU foreigners as a proportion of population","","DE2002I","valid","2013-09-04"
"http://dd.eionet.europa.eu/vocabulary/eurostat/indic_ur/DE2003I","Non-EU foreigners as a proportion of population","","DE2003I","valid","2013-09-04"
"http://dd.eionet.europa.eu/vocabulary/eurostat/indic_ur/DE3004I","Average size of households","","DE3004I","valid","2013-09-04"
"http://dd.eionet.europa.eu/vocabulary/eurostat/indic_ur/DE3002I","Proportion of households that are 1-person households","","DE3002I","valid","2013-09-04"
"http://dd.eionet.europa.eu/vocabulary/eurostat/indic_ur/DE3005I","Proportion of households that are lone-parent households","","DE3005I","valid","2013-09-04"
"http://dd.eionet.europa.eu/vocabulary/eurostat/indic_ur/DE3008I","Proportion of households that are lone-pensioner households","","DE3008I","valid","2013-09-04"
"http://dd.eionet.europa.eu/vocabulary/eurostat/indic_ur/DE3011I","Proportion of households with children aged 0-17","","DE3011I","valid","2013-09-04"
"http://dd.eionet.europa.eu/vocabulary/eurostat/indic_ur/DE3016I","Lone parent households per 100 households with children aged 0-17","","DE3016I","valid","2013-09-04"
"http://dd.eionet.europa.eu/vocabulary/eurostat/indic_ur/SA1011I","Proportion of households living in owned dwellings","","SA1011I","valid","2013-09-04"
"http://dd.eionet.europa.eu/vocabulary/eurostat/indic_ur/SA1007I","Proportion of households living in houses","","SA1007I","valid","2013-09-04"
"http://dd.eionet.europa.eu/vocabulary/eurostat/indic_ur/SA1008I","Proportion of households living in apartments","","SA1008I","valid","2013-09-04"
"http://dd.eionet.europa.eu/vocabulary/eurostat/indic_ur/SA2029I","Crude death rate (per 1000 inhabitants)","","SA2029I","valid","2013-09-04"
"http://dd.eionet.europa.eu/vocabulary/eurostat/indic_ur/SA2016I","Mortality rate for <65 per year","","SA2016I","valid","2013-09-04"
"http://dd.eionet.europa.eu/vocabulary/eurostat/indic_ur/SA2017I","Mortality rate for <65 per year (Male)","","SA2017I","valid","2013-09-04"
"http://dd.eionet.europa.eu/vocabulary/eurostat/indic_ur/SA2018I","Mortality rate for <65 per year (Female)","","SA2018I","valid","2013-09-04"
"http://dd.eionet.europa.eu/vocabulary/eurostat/indic_ur/SA2013I","Mortality rate for individuals under 65 from heart diseases and respiratory illness","","SA2013I","valid","2013-09-04"
"http://dd.eionet.europa.eu/vocabulary/eurostat/indic_ur/SA2007I","Crude birth rate (per 1000 inhabitants)","","SA2007I","valid","2013-09-04"
"http://dd.eionet.europa.eu/vocabulary/eurostat/indic_ur/SA2004I","Infant mortality rate (per 1000 live births)","","SA2004I","valid","2013-09-04"
"http://dd.eionet.europa.eu/vocabulary/eurostat/indic_ur/EC1020I","Unemployment rate","","EC1020I","valid","2013-09-04"
"http://dd.eionet.europa.eu/vocabulary/eurostat/indic_ur/EC1011I","Unemployment rate, male","","EC1011I","valid","2013-09-04"
"http://dd.eionet.europa.eu/vocabulary/eurostat/indic_ur/EC1012I","Unemployment rate, female","","EC1012I","valid","2013-09-04"
"http://dd.eionet.europa.eu/vocabulary/eurostat/indic_ur/EC1001I","Activity rate","","EC1001I","valid","2013-09-04"
"http://dd.eionet.europa.eu/vocabulary/eurostat/indic_ur/EC1002I","Activity rate, male","","EC1002I","valid","2013-09-04"
"http://dd.eionet.europa.eu/vocabulary/eurostat/indic_ur/EC1003I","Activity rate, female","","EC1003I","valid","2013-09-04"
"http://dd.eionet.europa.eu/vocabulary/eurostat/indic_ur/EC2008I","Proportion of employment in agriculture fishery","","EC2008I","valid","2013-09-04"
"http://dd.eionet.europa.eu/vocabulary/eurostat/indic_ur/EC2009I","Proportion of employment in industries (NACE Rev.1.1 C-E)","","EC2009I","valid","2013-09-04"
"http://dd.eionet.europa.eu/vocabulary/eurostat/indic_ur/EC2022I","Proportion of employment in construction (NACE Rev.1.1 F)","","EC2022I","valid","2013-09-04"
"http://dd.eionet.europa.eu/vocabulary/eurostat/indic_ur/TE1001I","Number of Children 0-4 in day care (publ.&priv) per 1000 children 0-4","","TE1001I","valid","2013-09-04"
"http://dd.eionet.europa.eu/vocabulary/eurostat/indic_ur/TE1026I","Share of students in higher education in the total population (per 1000 persons)","","TE1026I","valid","2013-09-04"
"http://dd.eionet.europa.eu/vocabulary/eurostat/indic_ur/TE2028I","Proportion of working age population qualified at level 3 or 4 ISCED","","TE2028I","valid","2013-09-04"
"http://dd.eionet.europa.eu/vocabulary/eurostat/indic_ur/TE2031I","Proportion of population aged 25-64 qualified at level 5 to 8 ISCED, from 2014 onwards","","TE2031I","valid","2013-09-04"
"http://dd.eionet.europa.eu/vocabulary/eurostat/indic_ur/EN2029I","Proportion of residents exposed to air traffic noise >55 dB(A) at night time","","EN2029I","valid","2013-09-04"
"http://dd.eionet.europa.eu/vocabulary/eurostat/indic_ur/EN2032I","Proportion of residents exposed to rail traffic noise >65 dB(A) at day time","","EN2032I","valid","2013-09-04"
"http://dd.eionet.europa.eu/vocabulary/eurostat/indic_ur/EN2036I","Proportion of residents exposed to rail traffic noise >55 dB(A) at night time","","EN2036I","valid","2013-09-04"
"http://dd.eionet.europa.eu/vocabulary/eurostat/indic_ur/EN2033I","Proportion of residents exposed to road traffic noise >65 dB(A) at day time","","EN2033I","valid","2013-09-04"
"http://dd.eionet.europa.eu/vocabulary/eurostat/indic_ur/EN2035I","Proportion of residents exposed to road traffic noise >55 dB(A) at night time","","EN2035I","valid","2013-09-04"
"http://dd.eionet.europa.eu/vocabulary/eurostat/indic_ur/TT1057I","Number of registered cars per 1000 population","","TT1057I","valid","2013-09-04"
"http://dd.eionet.europa.eu/vocabulary/eurostat/indic_ur/TT1013I","Number of registered motor cycles per 1000 population","","TT1013I","valid","2013-09-04"
"http://dd.eionet.europa.eu/vocabulary/eurostat/indic_ur/TT1060I","People killed in road accidents per 10000 pop.","","TT1060I","valid","2013-09-04"
"http://dd.eionet.europa.eu/vocabulary/eurostat/indic_ur/CR1003I","Number of cinema seats per 1000 residents","","CR1003I","valid","2013-09-04"
"http://dd.eionet.europa.eu/vocabulary/eurostat/indic_ur/CR2011I","Total nights spent in tourist accommodation establishments per resident population","","CR2011I","valid","2013-09-04"
"http://dd.eionet.europa.eu/vocabulary/eurostat/indic_ur/CR2010I","Number of available beds per 1000 residents","","CR2010I","valid","2013-09-04"
"http://dd.eionet.europa.eu/vocabulary/eurostat/indic_ur/DE1074V","Population on the 1st of January, 5-9 years, total","","DE1074V","valid","2013-10-19"
"http://dd.eionet.europa.eu/vocabulary/eurostat/indic_ur/DE1075V","Population on the 1st of January, 5-9 years, male","","DE1075V","valid","2013-10-19"
"http://dd.eionet.europa.eu/vocabulary/eurostat/indic_ur/DE1076V","Population on the 1st of January, 5-9 years, female","","DE1076V","valid","2013-10-19"
"http://dd.eionet.europa.eu/vocabulary/eurostat/indic_ur/DE1077V","Population on the 1st of January, 10-14 years, total","","DE1077V","valid","2013-10-19"
"http://dd.eionet.europa.eu/vocabulary/eurostat/indic_ur/DE1078V","Population on the 1st of January, 10-14 years, male","","DE1078V","valid","2013-10-19"
"http://dd.eionet.europa.eu/vocabulary/eurostat/indic_ur/DE1079V","Population on the 1st of January, 10-14 years, female","","DE1079V","valid","2013-10-19"
"http://dd.eionet.europa.eu/vocabulary/eurostat/indic_ur/DE2008V","Native-born","","DE2008V","valid","2013-10-19"
"http://dd.eionet.europa.eu/vocabulary/eurostat/indic_ur/DE2009V","Foreign-born","","DE2009V","valid","2013-10-19"
"http://dd.eionet.europa.eu/vocabulary/eurostat/indic_ur/DE2010V","Foreign-born in a EU country","","DE2010V","valid","2013-10-19"
"http://dd.eionet.europa.eu/vocabulary/eurostat/indic_ur/DE2011V","Foreign-born in a non-EU country","","DE2011V","valid","2013-10-19"
"http://dd.eionet.europa.eu/vocabulary/eurostat/indic_ur/DE2012V","Foreigners","","DE2012V","valid","2013-10-19"
"http://dd.eionet.europa.eu/vocabulary/eurostat/indic_ur/SA1050V","Average price for buying a house - EUR","","SA1050V","valid","2013-10-19"
"http://dd.eionet.europa.eu/vocabulary/eurostat/indic_ur/SA1051V","Average price for buying an apartment - EUR","","SA1051V","valid","2013-10-19"
"http://dd.eionet.europa.eu/vocabulary/eurostat/indic_ur/EC1174V","Economically active population, 20-64, total","","EC1174V","valid","2013-10-19"
"http://dd.eionet.europa.eu/vocabulary/eurostat/indic_ur/EC1175V","Economically active population, 20-64, male","","EC1175V","valid","2013-10-19"
"http://dd.eionet.europa.eu/vocabulary/eurostat/indic_ur/EC1176V","Economically active population, 20-64, female","","EC1176V","valid","2013-10-19"
"http://dd.eionet.europa.eu/vocabulary/eurostat/indic_ur/EC1177V","Persons employed, 20-64, total","","EC1177V","valid","2013-10-19"
"http://dd.eionet.europa.eu/vocabulary/eurostat/indic_ur/EC1178V","Persons employed, 20-64, male","","EC1178V","valid","2013-10-19"
"http://dd.eionet.europa.eu/vocabulary/eurostat/indic_ur/EC1179V","Persons employed, 20-64, female","","EC1179V","valid","2013-10-19"
"http://dd.eionet.europa.eu/vocabulary/eurostat/indic_ur/EC1180V","Persons employed, 55-64, total","","EC1180V","valid","2013-10-19"
"http://dd.eionet.europa.eu/vocabulary/eurostat/indic_ur/EC1181V","Persons employed, 55-64, male","","EC1181V","valid","2013-10-19"
"http://dd.eionet.europa.eu/vocabulary/eurostat/indic_ur/EC1182V","Persons employed, 55-64, female","","EC1182V","valid","2013-10-19"
"http://dd.eionet.europa.eu/vocabulary/eurostat/indic_ur/EC2032V","Employment (jobs) in trade, transport, hotels, restaurants (NACE Rev. 2, G to I)","","EC2032V","valid","2013-10-19"
"http://dd.eionet.europa.eu/vocabulary/eurostat/indic_ur/EC2033V","Employment (jobs) in information and communication (NACE Rev. 2, J)","","EC2033V","valid","2013-10-19"
"http://dd.eionet.europa.eu/vocabulary/eurostat/indic_ur/EC2034V","Employment (jobs) in financial and insurance activities (NACE Rev. 2, K)","","EC2034V","valid","2013-10-19"
"http://dd.eionet.europa.eu/vocabulary/eurostat/indic_ur/EC2035V","Employment (jobs) in real estate activities (NACE Rev. 2, L)","","EC2035V","valid","2013-10-19"
"http://dd.eionet.europa.eu/vocabulary/eurostat/indic_ur/EC2036V","Employment (jobs) in professional, scientific and technical activities; administrative and support service activities (NACE Rev. 2, M and N)","","EC2036V","valid","2013-10-19"
"http://dd.eionet.europa.eu/vocabulary/eurostat/indic_ur/EC2037V","Employment (jobs) in public administration, defence, education, human health and social work activities (NACE Rev. 2, O to Q)","","EC2037V","valid","2013-10-19"
"http://dd.eionet.europa.eu/vocabulary/eurostat/indic_ur/EC2038V","Employment (jobs) in arts, entertainment and recreation; other service activities; activities of household and extra-territorial organizations and bodies (NACE Rev. 2, R to U)","","EC2038V","valid","2013-10-19"
"http://dd.eionet.europa.eu/vocabulary/eurostat/indic_ur/EC3064V","Share of persons living in households with very low work intensity - %","","EC3064V","valid","2013-10-19"
"http://dd.eionet.europa.eu/vocabulary/eurostat/indic_ur/EC3065V","Share of persons at risk of poverty after social transfers -%","","EC3065V","valid","2013-10-19"
"http://dd.eionet.europa.eu/vocabulary/eurostat/indic_ur/EC3066V","Share of severely materially deprived persons -%","","EC3066V","valid","2013-10-19"
"http://dd.eionet.europa.eu/vocabulary/eurostat/indic_ur/EC3067V","Share of persons at risk of poverty or social exclusion -%","","EC3067V","valid","2013-10-19"
"http://dd.eionet.europa.eu/vocabulary/eurostat/indic_ur/TE1039V","Share of early leavers from education and training, total -%","","TE1039V","valid","2013-10-19"
"http://dd.eionet.europa.eu/vocabulary/eurostat/indic_ur/TE1040V","Share of early leavers from education and training, male -%","","TE1040V","valid","2013-10-19"
"http://dd.eionet.europa.eu/vocabulary/eurostat/indic_ur/TE1041V","Share of early leavers from education and training, female -%","","TE1041V","valid","2013-10-19"
"http://dd.eionet.europa.eu/vocabulary/eurostat/indic_ur/EN3012V","Share of population connected to potable drinking water system - %","","EN3012V","valid","2013-10-19"
"http://dd.eionet.europa.eu/vocabulary/eurostat/indic_ur/EN3013V","Share of population connected to sewerage treatment system - %","","EN3013V","valid","2013-10-19"
"http://dd.eionet.europa.eu/vocabulary/eurostat/indic_ur/EN4008V","Municipal waste generated (domestic and commercial), total - 1000 t","","EN4008V","valid","2013-10-19"
"http://dd.eionet.europa.eu/vocabulary/eurostat/indic_ur/PS3220V","Most important in my city: Unemployment","","PS3220V","valid","2015-02-25"
"http://dd.eionet.europa.eu/vocabulary/eurostat/indic_ur/PS3230V","State of streets and buildings in my neighbourhood: very satisfied","","PS3230V","valid","2015-02-25"
"http://dd.eionet.europa.eu/vocabulary/eurostat/indic_ur/PS3231V","State of streets and buildings in my neighbourhood: rather satisfied","","PS3231V","valid","2015-02-25"
"http://dd.eionet.europa.eu/vocabulary/eurostat/indic_ur/PS3232V","State of streets and buildings in my neighbourhood: rather unsatisfied","","PS3232V","valid","2015-02-25"
"http://dd.eionet.europa.eu/vocabulary/eurostat/indic_ur/PS3233V","State of streets and buildings in my neighbourhood: not at all satisfied","","PS3233V","valid","2015-02-25"
"http://dd.eionet.europa.eu/vocabulary/eurostat/indic_ur/PS3234V","State of streets and buildings in my neighbourhood: don't know / no answer","","PS3234V","valid","2015-02-25"
"http://dd.eionet.europa.eu/vocabulary/eurostat/indic_ur/PS3250V","Availability of retail shops: very satisfied","","PS3250V","valid","2015-02-25"
"http://dd.eionet.europa.eu/vocabulary/eurostat/indic_ur/PS3251V","Availability of retail shops: rather satisfied","","PS3251V","valid","2015-02-25"
"http://dd.eionet.europa.eu/vocabulary/eurostat/indic_ur/PS3252V","Availability of retail shops: rather unsatisfied","","PS3252V","valid","2015-02-25"
"http://dd.eionet.europa.eu/vocabulary/eurostat/indic_ur/PS3253V","Availability of retail shops: not at all satisfied","","PS3253V","valid","2015-02-25"
"http://dd.eionet.europa.eu/vocabulary/eurostat/indic_ur/PS3254V","Availability of retail shops: don't know / no answer","","PS3254V","valid","2015-02-25"
"http://dd.eionet.europa.eu/vocabulary/eurostat/indic_ur/PS3260V","The quality of the air in the city: very satisfied","","PS3260V","valid","2015-02-25"
"http://dd.eionet.europa.eu/vocabulary/eurostat/indic_ur/PS3261V","The quality of the air in the city: rather satisfied","","PS3261V","valid","2015-02-25"
"http://dd.eionet.europa.eu/vocabulary/eurostat/indic_ur/PS3262V","The quality of the air in the city: rather unsatisfied","","PS3262V","valid","2015-02-25"
"http://dd.eionet.europa.eu/vocabulary/eurostat/indic_ur/PS3263V","The quality of the air in the city: not at all satisfied","","PS3263V","valid","2015-02-25"
"http://dd.eionet.europa.eu/vocabulary/eurostat/indic_ur/PS3264V","The quality of the air in the city: don't know / no answer","","PS3264V","valid","2015-02-25"
"http://dd.eionet.europa.eu/vocabulary/eurostat/indic_ur/PS3270V","The noise level in the city: very satisfied","","PS3270V","valid","2015-02-25"
"http://dd.eionet.europa.eu/vocabulary/eurostat/indic_ur/PS3271V","The noise level in the city: rather satisfied","","PS3271V","valid","2015-02-25"
"http://dd.eionet.europa.eu/vocabulary/eurostat/indic_ur/PS3272V","The noise level in the city: rather unsatisfied","","PS3272V","valid","2015-02-25"
"http://dd.eionet.europa.eu/vocabulary/eurostat/indic_ur/PS3273V","The noise level in the city: not at all satisfied","","PS3273V","valid","2015-02-25"
"http://dd.eionet.europa.eu/vocabulary/eurostat/indic_ur/PS3274V","The noise level in the city: don't know / no answer","","PS3274V","valid","2015-02-25"
"http://dd.eionet.europa.eu/vocabulary/eurostat/indic_ur/PS3280V","The cleanliness in the city: very satisfied","","PS3280V","valid","2015-02-25"
"http://dd.eionet.europa.eu/vocabulary/eurostat/indic_ur/PS3281V","The cleanliness in the city: rather satisfied","","PS3281V","valid","2015-02-25"
"http://dd.eionet.europa.eu/vocabulary/eurostat/indic_ur/PS3282V","The cleanliness in the city: rather unsatisfied","","PS3282V","valid","2015-02-25"
"http://dd.eionet.europa.eu/vocabulary/eurostat/indic_ur/PS3283V","The cleanliness in the city: not at all satisfied","","PS3283V","valid","2015-02-25"
"http://dd.eionet.europa.eu/vocabulary/eurostat/indic_ur/PS3284V","The cleanliness in the city: don't know / no answer","","PS3284V","valid","2015-02-25"
"http://dd.eionet.europa.eu/vocabulary/eurostat/indic_ur/PS3290V","You feel safe in this city: strongly agree","","PS3290V","valid","2015-02-25"
"http://dd.eionet.europa.eu/vocabulary/eurostat/indic_ur/PS3291V","You feel safe in this city: somewhat agree","","PS3291V","valid","2015-02-25"
"http://dd.eionet.europa.eu/vocabulary/eurostat/indic_ur/PS3292V","You feel safe in this city: somewhat disagree","","PS3292V","valid","2015-02-25"
"http://dd.eionet.europa.eu/vocabulary/eurostat/indic_ur/PS3293V","You feel safe in this city: strongly disagree","","PS3293V","valid","2015-02-25"
"http://dd.eionet.europa.eu/vocabulary/eurostat/indic_ur/PS3294V","You feel safe in this city: don't know / no answer","","PS3294V","valid","2015-02-25"
"http://dd.eionet.europa.eu/vocabulary/eurostat/indic_ur/PS3300V","You feel safe in the neighborhood you live in: strongly agree","","PS3300V","valid","2015-02-25"
"http://dd.eionet.europa.eu/vocabulary/eurostat/indic_ur/PS3301V","You feel safe in the neighborhood you live in: somewhat agree","","PS3301V","valid","2015-02-25"
"http://dd.eionet.europa.eu/vocabulary/eurostat/indic_ur/PS3302V","You feel safe in the neighborhood you live in: somewhat disagree","","PS3302V","valid","2015-02-25"
"http://dd.eionet.europa.eu/vocabulary/eurostat/indic_ur/PS3303V","You feel safe in the neighborhood you live in: strongly disagree","","PS3303V","valid","2015-02-25"
"http://dd.eionet.europa.eu/vocabulary/eurostat/indic_ur/PS3304V","You feel safe in the neighborhood you live in: don't know / no answer","","PS3304V","valid","2015-02-25"
"http://dd.eionet.europa.eu/vocabulary/eurostat/indic_ur/PS3310V","Most people in my neighbourhood can be trusted: strongly agree","","PS3310V","valid","2015-02-25"
"http://dd.eionet.europa.eu/vocabulary/eurostat/indic_ur/PS3311V","Most people in my neighbourhood can be trusted: somewhat agree","","PS3311V","valid","2015-02-25"
"http://dd.eionet.europa.eu/vocabulary/eurostat/indic_ur/PS3312V","Most people in my neighbourhood can be trusted: somewhat disagree","","PS3312V","valid","2015-02-25"
"http://dd.eionet.europa.eu/vocabulary/eurostat/indic_ur/PS3313V","Most people in my neighbourhood can be trusted: strongly disagree","","PS3313V","valid","2015-02-25"
"http://dd.eionet.europa.eu/vocabulary/eurostat/indic_ur/PS3314V","Most people in my neighbourhood can be trusted: don't know / no answer","","PS3314V","valid","2015-02-25"
"http://dd.eionet.europa.eu/vocabulary/eurostat/indic_ur/PS3320V","The public administration of the city can be trusted: strongly agree","","PS3320V","valid","2015-02-25"
"http://dd.eionet.europa.eu/vocabulary/eurostat/indic_ur/PS3321V","The public administration of the city can be trusted: somewhat agree","","PS3321V","valid","2015-02-25"
"http://dd.eionet.europa.eu/vocabulary/eurostat/indic_ur/PS3322V","The public administration of the city can be trusted: somewhat disagree","","PS3322V","valid","2015-02-25"
"http://dd.eionet.europa.eu/vocabulary/eurostat/indic_ur/PS3323V","The public administration of the city can be trusted: strongly disagree","","PS3323V","valid","2015-02-25"
"http://dd.eionet.europa.eu/vocabulary/eurostat/indic_ur/PS3324V","The public administration of the city can be trusted: don't know / no answer","","PS3324V","valid","2015-02-25"
"http://dd.eionet.europa.eu/vocabulary/eurostat/indic_ur/PS3330V","Your personal job situation: very satisfied","","PS3330V","valid","2015-02-25"
"http://dd.eionet.europa.eu/vocabulary/eurostat/indic_ur/PS3331V","Your personal job situation: fairly satisfied","","PS3331V","valid","2015-02-25"
"http://dd.eionet.europa.eu/vocabulary/eurostat/indic_ur/PS3332V","Your personal job situation: not very satisfied","","PS3332V","valid","2015-02-25"
"http://dd.eionet.europa.eu/vocabulary/eurostat/indic_ur/PS3333V","Your personal job situation: not at all satisfied","","PS3333V","valid","2015-02-25"
"http://dd.eionet.europa.eu/vocabulary/eurostat/indic_ur/PS3334V","Your personal job situation: don't know / no answer","","PS3334V","valid","2015-02-25"
"http://dd.eionet.europa.eu/vocabulary/eurostat/indic_ur/PS3340V","The financial situation of your household: very satisfied","","PS3340V","valid","2015-02-25"
"http://dd.eionet.europa.eu/vocabulary/eurostat/indic_ur/PS3341V","The financial situation of your household: fairly satisfied","","PS3341V","valid","2015-02-25"
"http://dd.eionet.europa.eu/vocabulary/eurostat/indic_ur/PS3342V","The financial situation of your household: not very satisfied","","PS3342V","valid","2015-02-25"
"http://dd.eionet.europa.eu/vocabulary/eurostat/indic_ur/PS3343V","The financial situation of your household: not at all satisfied","","PS3343V","valid","2015-02-25"
"http://dd.eionet.europa.eu/vocabulary/eurostat/indic_ur/PS3344V","The financial situation of your household: don't know / no answer","","PS3344V","valid","2015-02-25"
"http://dd.eionet.europa.eu/vocabulary/eurostat/indic_ur/PS3350V","The life you lead: very satisfied","","PS3350V","valid","2015-02-25"
"http://dd.eionet.europa.eu/vocabulary/eurostat/indic_ur/PS3351V","The life you lead: fairly satisfied","","PS3351V","valid","2015-02-25"
"http://dd.eionet.europa.eu/vocabulary/eurostat/indic_ur/PS3352V","The life you lead: not very satisfied","","PS3352V","valid","2015-02-25"
"http://dd.eionet.europa.eu/vocabulary/eurostat/indic_ur/PS3353V","The life you lead: not at all satisfied","","PS3353V","valid","2015-02-25"
"http://dd.eionet.europa.eu/vocabulary/eurostat/indic_ur/PS3354V","The life you lead: don't know / no answer","","PS3354V","valid","2015-02-25"
"http://dd.eionet.europa.eu/vocabulary/eurostat/indic_ur/PS3360V","I'm satisfied to live in this city: strongly agree","","PS3360V","valid","2015-02-25"
"http://dd.eionet.europa.eu/vocabulary/eurostat/indic_ur/PS3361V","I'm satisfied to live in this city: somewhat agree","","PS3361V","valid","2015-02-25"
"http://dd.eionet.europa.eu/vocabulary/eurostat/indic_ur/PS3362V","I'm satisfied to live in this city: somewhat disagree","","PS3362V","valid","2015-02-25"
"http://dd.eionet.europa.eu/vocabulary/eurostat/indic_ur/PS3363V","I'm satisfied to live in this city: strongly disagree","","PS3363V","valid","2015-02-25"
"http://dd.eionet.europa.eu/vocabulary/eurostat/indic_ur/PS3364V","I'm satisfied to live in this city: don't know / no answer","","PS3364V","valid","2015-02-25"
"http://dd.eionet.europa.eu/vocabulary/eurostat/indic_ur/EN5200V","Share of land (%): Continuous residential urban fabric","","EN5200V","valid","2016-01-05"
"http://dd.eionet.europa.eu/vocabulary/eurostat/indic_ur/EN5201V","Share of land (%): Discontinuous residential urban fabric","","EN5201V","valid","2016-01-05"
"http://dd.eionet.europa.eu/vocabulary/eurostat/indic_ur/EN5202V","Share of land (%): Industrial, commercial, public, military and private units","","EN5202V","valid","2016-01-05"
"http://dd.eionet.europa.eu/vocabulary/eurostat/indic_ur/EN5203V","Share of land (%): Transport infrastructure","","EN5203V","valid","2016-01-05"
"http://dd.eionet.europa.eu/vocabulary/eurostat/indic_ur/EN5204V","Share of land (%): Other artificial areas","","EN5204V","valid","2016-01-05"
"http://dd.eionet.europa.eu/vocabulary/eurostat/indic_ur/EN5205V","Share of land (%): Green urban areas and sports and leisure facilities","","EN5205V","valid","2016-01-05"
"http://dd.eionet.europa.eu/vocabulary/eurostat/indic_ur/EN5206V","Share of land (%): Agricultural areas","","EN5206V","valid","2016-01-05"
"http://dd.eionet.europa.eu/vocabulary/eurostat/indic_ur/EN5207V","Share of land (%): Natural areas","","EN5207V","valid","2016-01-05"
"http://dd.eionet.europa.eu/vocabulary/eurostat/indic_ur/EC2039V","Number of  local units - all economic activities","","EC2039V","valid","2016-06-10"
"http://dd.eionet.europa.eu/vocabulary/eurostat/indic_ur/PS3168V","Means of transport primarily used to go to work/training place: train","","PS3168V","valid","2016-06-10"
"http://dd.eionet.europa.eu/vocabulary/eurostat/indic_ur/PS3169V","Means of transport primarily used to go to work/training place: ship or boat","","PS3169V","valid","2016-06-10"
"http://dd.eionet.europa.eu/vocabulary/eurostat/indic_ur/PS3170V","Means of transport primarily used to go to work/training place: none","","PS3170V","valid","2016-06-10"
"http://dd.eionet.europa.eu/vocabulary/eurostat/indic_ur/PS9112V","Public transport in the city, for example bus, tram or metro: satisfied","","PS9112V","valid","2016-07-20"
"http://dd.eionet.europa.eu/vocabulary/eurostat/indic_ur/PS9322V","This city is committed to the fight against climate change (e.g., reducing energy consumption in housing or promoting alternatives to transport by car): agree","","PS9322V","valid","2016-07-20"
"http://dd.eionet.europa.eu/vocabulary/eurostat/indic_ur/PS9370V","The noise level in the city: satisfied","","PS9370V","valid","2016-07-20"
"http://dd.eionet.europa.eu/vocabulary/eurostat/indic_ur/PS9182V","Cultural facilities such as concert halls, theatres, museums and libraries in the city: satisfied","","PS9182V","valid","2016-07-20"
"http://dd.eionet.europa.eu/vocabulary/eurostat/indic_ur/PS9340V","The financial situation of your household: satisfied","","PS9340V","valid","2016-07-20"
"http://dd.eionet.europa.eu/vocabulary/eurostat/indic_ur/PS9232V","In this city, it is easy to find good housing at a reasonable price: agree","","PS9232V","valid","2016-07-20"
"http://dd.eionet.europa.eu/vocabulary/eurostat/indic_ur/PS9222V","Foreigners who live in this city are well integrated: agree","","PS9222V","valid","2016-07-20"
"http://dd.eionet.europa.eu/vocabulary/eurostat/indic_ur/PS9382V","The presence of foreigners is good for this city: agree","","PS9382V","valid","2016-07-20"
"http://dd.eionet.europa.eu/vocabulary/eurostat/indic_ur/PS9342V","Health care services offered by doctors and hospitals in this city: satisfied","","PS9342V","valid","2016-07-20"
"http://dd.eionet.europa.eu/vocabulary/eurostat/indic_ur/PS9122V","Schools in the city: satisfied","","PS9122V","valid","2016-07-20"
"http://dd.eionet.europa.eu/vocabulary/eurostat/indic_ur/PS9392V","Generally speaking, most people in this city can be trusted: agree","","PS9392V","valid","2016-07-20"
"http://dd.eionet.europa.eu/vocabulary/eurostat/indic_ur/PS9242V","When you contact administrative services of this city, they help you efficiently: agree","","PS9242V","valid","2016-07-20"
"http://dd.eionet.europa.eu/vocabulary/eurostat/indic_ur/PS9292V","You are satisfied to live in this city: agree","","PS9292V","valid","2016-07-20"
"http://dd.eionet.europa.eu/vocabulary/eurostat/indic_ur/PS9330V","Your personal job situation: satisfied","","PS9330V","valid","2016-07-20"
